game_id,date,away,home
22500001,Oct 21 2025,HOU,OKC
22500002,Oct 21 2025,GSW,LAL
22500003,Oct 22 2025,CLE,NYK
22500004,Oct 22 2025,SAS,DAL
22500080,Oct 22 2025,BKN,CHA
22500081,Oct 22 2025,MIA,ORL
22500082,Oct 22 2025,TOR,ATL
22500083,Oct 22 2025,PHI,BOS
22500084,Oct 22 2025,DET,CHI
22500085,Oct 22 2025,NOP,MEM
22500086,Oct 22 2025,WAS,MIL
22500087,Oct 22 2025,LAC,UTA
22500088,Oct 22 2025,SAC,PHX
22500089,Oct 22 2025,MIN,POR
22500005,Oct 23 2025,OKC,IND
22500006,Oct 23 2025,DEN,GSW
22500018,Oct 24 2025,BOS,NYK
22500019,Oct 24 2025,MIN,LAL
22500090,Oct 24 2025,ATL,ORL
22500091,Oct 24 2025,CLE,BKN
22500092,Oct 24 2025,MIL,TOR
22500093,Oct 24 2025,DET,HOU
22500094,Oct 24 2025,MIA,MEM
22500095,Oct 24 2025,SAS,NOP
22500096,Oct 24 2025,WAS,DAL
22500097,Oct 24 2025,GSW,POR
22500098,Oct 24 2025,UTA,SAC
22500099,Oct 24 2025,PHX,LAC
22500100,Oct 25 2025,CHI,ORL
22500101,Oct 25 2025,OKC,ATL
22500102,Oct 25 2025,CHA,PHI
22500103,Oct 25 2025,IND,MEM
22500104,Oct 25 2025,PHX,DEN
22500105,Oct 26 2025,BKN,SAS
22500106,Oct 26 2025,BOS,DET
22500107,Oct 26 2025,MIL,CLE
22500108,Oct 26 2025,NYK,MIA
22500109,Oct 26 2025,CHA,WAS
22500110,Oct 26 2025,IND,MIN
22500111,Oct 26 2025,TOR,DAL
22500112,Oct 26 2025,POR,LAC
22500113,Oct 26 2025,LAL,SAC
22500007,Oct 27 2025,CLE,DET
22500008,Oct 27 2025,DEN,MIN
22500114,Oct 27 2025,ORL,PHI
22500115,Oct 27 2025,ATL,CHI
22500116,Oct 27 2025,BKN,HOU
22500117,Oct 27 2025,BOS,NOP
22500118,Oct 27 2025,TOR,SAS
22500119,Oct 27 2025,OKC,DAL
22500120,Oct 27 2025,PHX,UTA
22500121,Oct 27 2025,MEM,GSW
22500122,Oct 27 2025,POR,LAL
22500123,Oct 28 2025,PHI,WAS
22500124,Oct 28 2025,CHA,MIA
22500125,Oct 28 2025,NYK,MIL
22500126,Oct 28 2025,SAC,OKC
22500127,Oct 28 2025,LAC,GSW
22500128,Oct 29 2025,CLE,BOS
22500129,Oct 29 2025,ORL,DET
22500130,Oct 29 2025,ATL,BKN
22500131,Oct 29 2025,HOU,TOR
22500132,Oct 29 2025,SAC,CHI
22500133,Oct 29 2025,IND,DAL
22500134,Oct 29 2025,NOP,DEN
22500135,Oct 29 2025,POR,UTA
22500136,Oct 29 2025,LAL,MIN
22500137,Oct 29 2025,MEM,PHX
22500138,Oct 30 2025,ORL,CHA
22500139,Oct 30 2025,GSW,MIL
22500140,Oct 30 2025,WAS,OKC
22500141,Oct 30 2025,MIA,SAS
22500020,Oct 31 2025,ATL,IND
22500021,Oct 31 2025,BOS,PHI
22500022,Oct 31 2025,TOR,CLE
22500023,Oct 31 2025,NYK,CHI
22500024,Oct 31 2025,LAL,MEM
22500025,Oct 31 2025,UTA,PHX
22500026,Oct 31 2025,DEN,POR
22500027,Oct 31 2025,NOP,LAC
22500142,Nov 1 2025,SAC,MIL
22500143,Nov 1 2025,MIN,CHA
22500144,Nov 1 2025,GSW,IND
22500145,Nov 1 2025,ORL,WAS
22500146,Nov 1 2025,HOU,BOS
22500147,Nov 1 2025,DAL,DET
22500148,Nov 2 2025,NOP,OKC
22500149,Nov 2 2025,PHI,BKN
22500150,Nov 2 2025,UTA,CHA
22500151,Nov 2 2025,ATL,CLE
22500152,Nov 2 2025,MEM,TOR
22500153,Nov 2 2025,CHI,NYK
22500154,Nov 2 2025,SAS,PHX
22500155,Nov 2 2025,MIA,LAL
22500156,Nov 3 2025,MIN,BKN
22500157,Nov 3 2025,MIL,IND
22500158,Nov 3 2025,UTA,BOS
22500159,Nov 3 2025,WAS,NYK
22500160,Nov 3 2025,DAL,HOU
22500161,Nov 3 2025,DET,MEM
22500162,Nov 3 2025,SAC,DEN
22500163,Nov 3 2025,LAL,POR
22500164,Nov 3 2025,MIA,LAC
22500165,Nov 4 2025,MIL,TOR
22500166,Nov 4 2025,ORL,ATL
22500167,Nov 4 2025,PHI,CHI
22500168,Nov 4 2025,CHA,NOP
22500169,Nov 4 2025,PHX,GSW
22500170,Nov 4 2025,OKC,LAC
22500171,Nov 5 2025,PHI,CLE
22500172,Nov 5 2025,UTA,DET
22500173,Nov 5 2025,BKN,IND
22500174,Nov 5 2025,WAS,BOS
22500175,Nov 5 2025,MIN,NYK
22500176,Nov 5 2025,HOU,MEM
22500177,Nov 5 2025,NOP,DAL
22500178,Nov 5 2025,MIA,DEN
22500179,Nov 5 2025,SAS,LAL
22500180,Nov 5 2025,OKC,POR
22500181,Nov 5 2025,GSW,SAC
22500182,Nov 6 2025,LAC,PHX
22500028,Nov 7 2025,BOS,ORL
22500029,Nov 7 2025,CLE,WAS
22500030,Nov 7 2025,TOR,ATL
22500031,Nov 7 2025,DET,BKN
22500032,Nov 7 2025,HOU,SAS
22500033,Nov 7 2025,CHA,MIA
22500034,Nov 7 2025,DAL,MEM
22500035,Nov 7 2025,CHI,MIL
22500036,Nov 7 2025,UTA,MIN
22500037,Nov 7 2025,GSW,DEN
22500038,Nov 7 2025,OKC,SAC
22500183,Nov 8 2025,DAL,WAS
22500184,Nov 8 2025,TOR,PHI
22500185,Nov 8 2025,LAL,ATL
22500186,Nov 8 2025,CHI,CLE
22500187,Nov 8 2025,POR,MIA
22500188,Nov 8 2025,NOP,SAS
22500189,Nov 8 2025,IND,DEN
22500190,Nov 8 2025,PHX,LAC
22500191,Nov 9 2025,HOU,MIL
22500192,Nov 9 2025,BKN,NYK
22500193,Nov 9 2025,BOS,ORL
22500194,Nov 9 2025,OKC,MEM
22500195,Nov 9 2025,DET,PHI
22500196,Nov 9 2025,IND,GSW
22500197,Nov 9 2025,MIN,SAC
22500198,Nov 10 2025,LAL,CHA
22500199,Nov 10 2025,WAS,DET
22500200,Nov 10 2025,POR,ORL
22500201,Nov 10 2025,CLE,MIA
22500202,Nov 10 2025,SAS,CHI
22500203,Nov 10 2025,MIL,DAL
22500204,Nov 10 2025,NOP,PHX
22500205,Nov 10 2025,MIN,UTA
22500206,Nov 10 2025,ATL,LAC
22500207,Nov 11 2025,TOR,BKN
22500208,Nov 11 2025,MEM,NYK
22500209,Nov 11 2025,BOS,PHI
22500210,Nov 11 2025,GSW,OKC
22500211,Nov 11 2025,IND,UTA
22500212,Nov 11 2025,DEN,SAC
22500213,Nov 12 2025,MIL,CHA
22500214,Nov 12 2025,CHI,DET
22500215,Nov 12 2025,ORL,NYK
22500216,Nov 12 2025,MEM,BOS
22500217,Nov 12 2025,CLE,MIA
22500218,Nov 12 2025,WAS,HOU
22500219,Nov 12 2025,POR,NOP
22500220,Nov 12 2025,GSW,SAS
22500221,Nov 12 2025,PHX,DAL
22500222,Nov 12 2025,LAL,OKC
22500223,Nov 12 2025,ATL,SAC
22500224,Nov 12 2025,DEN,LAC
22500225,Nov 13 2025,TOR,CLE
22500226,Nov 13 2025,IND,PHX
22500227,Nov 13 2025,ATL,UTA
22500039,Nov 14 2025,MIA,NYK
22500040,Nov 14 2025,BKN,ORL
22500041,Nov 14 2025,PHI,DET
22500042,Nov 14 2025,POR,HOU
22500043,Nov 14 2025,CHA,MIL
22500044,Nov 14 2025,SAC,MIN
22500045,Nov 14 2025,LAL,NOP
22500046,Nov 14 2025,LAC,DAL
22500047,Nov 14 2025,GSW,SAS
22500228,Nov 15 2025,MEM,CLE
22500229,Nov 15 2025,OKC,CHA
22500230,Nov 15 2025,TOR,IND
22500231,Nov 15 2025,LAL,MIL
22500232,Nov 15 2025,DEN,MIN
22500233,Nov 16 2025,LAC,BOS
22500234,Nov 16 2025,SAC,SAS
22500235,Nov 16 2025,BKN,WAS
22500236,Nov 16 2025,ORL,HOU
22500237,Nov 16 2025,GSW,NOP
22500238,Nov 16 2025,POR,DAL
22500239,Nov 16 2025,ATL,PHX
22500240,Nov 16 2025,CHI,UTA
22500241,Nov 17 2025,MIL,CLE
22500242,Nov 17 2025,IND,DET
22500243,Nov 17 2025,LAC,PHI
22500244,Nov 17 2025,NYK,MIA
22500245,Nov 17 2025,CHA,TOR
22500246,Nov 17 2025,DAL,MIN
22500247,Nov 17 2025,OKC,NOP
22500248,Nov 17 2025,CHI,DEN
22500249,Nov 18 2025,GSW,ORL
22500250,Nov 18 2025,BOS,BKN
22500251,Nov 18 2025,DET,ATL
22500252,Nov 18 2025,MEM,SAS
22500253,Nov 18 2025,UTA,LAL
22500254,Nov 18 2025,PHX,POR
22500255,Nov 19 2025,HOU,CLE
22500256,Nov 19 2025,CHA,IND
22500257,Nov 19 2025,GSW,MIA
22500258,Nov 19 2025,TOR,PHI
22500259,Nov 19 2025,WAS,MIN
22500260,Nov 19 2025,DEN,NOP
22500261,Nov 19 2025,SAC,OKC
22500262,Nov 19 2025,NYK,DAL
22500263,Nov 19 2025,CHI,POR
22500264,Nov 20 2025,LAC,ORL
22500265,Nov 20 2025,SAC,MEM
22500266,Nov 20 2025,PHI,MIL
22500267,Nov 20 2025,ATL,SAS
22500048,Nov 21 2025,IND,CLE
22500049,Nov 21 2025,BKN,BOS
22500050,Nov 21 2025,WAS,TOR
22500051,Nov 21 2025,MIA,CHI
22500052,Nov 21 2025,NOP,DAL
22500053,Nov 21 2025,MIN,PHX
22500054,Nov 21 2025,DEN,HOU
22500055,Nov 21 2025,OKC,UTA
22500056,Nov 21 2025,POR,GSW
22500268,Nov 22 2025,LAC,CHA
22500269,Nov 22 2025,NYK,ORL
22500270,Nov 22 2025,ATL,NOP
22500271,Nov 22 2025,WAS,CHI
22500272,Nov 22 2025,DET,MIL
22500273,Nov 22 2025,MEM,DAL
22500274,Nov 22 2025,SAC,DEN
22500275,Nov 23 2025,MIA,PHI
22500276,Nov 23 2025,CHA,ATL
22500277,Nov 23 2025,ORL,BOS
22500278,Nov 23 2025,LAC,CLE
22500279,Nov 23 2025,BKN,TOR
22500280,Nov 23 2025,POR,OKC
22500281,Nov 23 2025,SAS,PHX
22500282,Nov 23 2025,LAL,UTA
22500283,Nov 24 2025,DET,IND
22500284,Nov 24 2025,CLE,TOR
22500285,Nov 24 2025,NYK,BKN
22500286,Nov 24 2025,DAL,MIA
22500287,Nov 24 2025,DEN,MEM
22500288,Nov 24 2025,POR,MIL
22500289,Nov 24 2025,CHI,NOP
22500290,Nov 24 2025,HOU,PHX
22500291,Nov 24 2025,UTA,GSW
22500292,Nov 24 2025,MIN,SAC
22500057,Nov 25 2025,ATL,WAS
22500058,Nov 25 2025,ORL,PHI
22500059,Nov 25 2025,LAC,LAL
22500060,Nov 26 2025,DET,BOS
22500061,Nov 26 2025,NYK,CHA
22500062,Nov 26 2025,MIL,MIA
22500063,Nov 26 2025,IND,TOR
22500064,Nov 26 2025,MIN,OKC
22500065,Nov 26 2025,MEM,NOP
22500066,Nov 26 2025,HOU,GSW
22500067,Nov 26 2025,SAS,POR
22500068,Nov 26 2025,PHX,SAC
22500069,Nov 28 2025,CLE,ATL
22500070,Nov 28 2025,PHI,BKN
22500071,Nov 28 2025,CHI,CHA
22500072,Nov 28 2025,ORL,DET
22500073,Nov 28 2025,WAS,IND
22500074,Nov 28 2025,MIL,NYK
22500075,Nov 28 2025,PHX,OKC
22500076,Nov 28 2025,SAS,DEN
22500077,Nov 28 2025,SAC,UTA
22500078,Nov 28 2025,DAL,LAL
22500079,Nov 28 2025,MEM,LAC
22500293,Nov 29 2025,BOS,MIN
22500294,Nov 29 2025,TOR,CHA
22500295,Nov 29 2025,CHI,IND
22500296,Nov 29 2025,DET,MIA
22500297,Nov 29 2025,BKN,MIL
22500298,Nov 29 2025,NOP,GSW
22500299,Nov 29 2025,DEN,PHX
22500300,Nov 29 2025,DAL,LAC
22500301,Nov 30 2025,HOU,UTA
22500302,Nov 30 2025,BOS,CLE
22500303,Nov 30 2025,TOR,NYK
22500304,Nov 30 2025,ATL,PHI
22500305,Nov 30 2025,OKC,POR
22500306,Nov 30 2025,SAS,MIN
22500307,Nov 30 2025,MEM,SAC
22500308,Nov 30 2025,NOP,LAL
22500309,Dec 1 2025,ATL,DET
22500310,Dec 1 2025,CLE,IND
22500311,Dec 1 2025,MIL,WAS
22500312,Dec 1 2025,CHA,BKN
22500313,Dec 1 2025,LAC,MIA
22500314,Dec 1 2025,CHI,ORL
22500315,Dec 1 2025,DAL,DEN
22500316,Dec 1 2025,HOU,UTA
22500317,Dec 1 2025,PHX,LAL
22500318,Dec 2 2025,WAS,PHI
22500319,Dec 2 2025,POR,TOR
22500320,Dec 2 2025,NYK,BOS
22500321,Dec 2 2025,MIN,NOP
22500322,Dec 2 2025,MEM,SAS
22500323,Dec 2 2025,OKC,GSW
22500324,Dec 3 2025,POR,CLE
22500325,Dec 3 2025,DEN,IND
22500326,Dec 3 2025,SAS,ORL
22500327,Dec 3 2025,LAC,ATL
22500328,Dec 3 2025,CHA,NYK
22500329,Dec 3 2025,BKN,CHI
22500330,Dec 3 2025,SAC,HOU
22500331,Dec 3 2025,DET,MIL
22500332,Dec 3 2025,MIA,DAL
22500333,Dec 4 2025,GSW,PHI
22500334,Dec 4 2025,BOS,WAS
22500335,Dec 4 2025,UTA,BKN
22500336,Dec 4 2025,LAL,TOR
22500337,Dec 4 2025,MIN,NOP
22500338,Dec 5 2025,LAL,BOS
22500339,Dec 5 2025,MIA,ORL
22500340,Dec 5 2025,DEN,ATL
22500341,Dec 5 2025,SAS,CLE
22500342,Dec 5 2025,POR,DET
22500343,Dec 5 2025,UTA,NYK
22500344,Dec 5 2025,CHA,TOR
22500345,Dec 5 2025,IND,CHI
22500346,Dec 5 2025,PHX,HOU
22500347,Dec 5 2025,LAC,MEM
22500348,Dec 5 2025,PHI,MIL
22500349,Dec 5 2025,DAL,OKC
22500350,Dec 6 2025,NOP,BKN
22500351,Dec 6 2025,ATL,WAS
22500352,Dec 6 2025,GSW,CLE
22500353,Dec 6 2025,MIL,DET
22500354,Dec 6 2025,SAC,MIA
22500355,Dec 6 2025,LAC,MIN
22500356,Dec 6 2025,HOU,DAL
22500357,Dec 7 2025,ORL,NYK
22500358,Dec 7 2025,BOS,TOR
22500359,Dec 7 2025,DEN,CHA
22500360,Dec 7 2025,POR,MEM
22500361,Dec 7 2025,GSW,CHI
22500362,Dec 7 2025,LAL,PHI
22500363,Dec 7 2025,OKC,UTA
22500364,Dec 8 2025,SAC,IND
22500365,Dec 8 2025,PHX,MIN
22500366,Dec 8 2025,SAS,NOP
22501201,Dec 9 2025,MIA,ORL
22501202,Dec 9 2025,NYK,TOR
22501203,Dec 10 2025,PHX,OKC
22501204,Dec 10 2025,SAS,LAL
22501205,Dec 11 2025,LAC,HOU
22501206,Dec 11 2025,BOS,MIL
22501207,Dec 11 2025,POR,NOP
22501208,Dec 11 2025,DEN,SAC
22501209,Dec 12 2025,CHI,CHA
22501210,Dec 12 2025,ATL,DET
22501211,Dec 12 2025,IND,PHI
22501212,Dec 12 2025,CLE,WAS
22501213,Dec 12 2025,UTA,MEM
22501214,Dec 12 2025,BKN,DAL
22501215,Dec 12 2025,MIN,GSW
22501229,Dec 13 2025,NYK,ORL
22501230,Dec 13 2025,SAS,OKC
22501216,Dec 14 2025,WAS,IND
22501217,Dec 14 2025,PHI,ATL
22501218,Dec 14 2025,CHA,CLE
22501219,Dec 14 2025,MIL,BKN
22501220,Dec 14 2025,SAC,MIN
22501221,Dec 14 2025,GSW,POR
22501223,Dec 14 2025,NOP,CHI
22501228,Dec 14 2025,LAL,PHX
22501222,Dec 15 2025,DET,BOS
22501224,Dec 15 2025,DAL,UTA
22501225,Dec 15 2025,HOU,DEN
22501226,Dec 15 2025,MEM,LAC
22501227,Dec 15 2025,TOR,MIA
22500367,Dec 17 2025,CLE,CHI
22500368,Dec 17 2025,MEM,MIN
22500369,Dec 18 2025,LAC,OKC
22500370,Dec 18 2025,WAS,SAS
22500371,Dec 18 2025,ATL,CHA
22500372,Dec 18 2025,NYK,IND
22500373,Dec 18 2025,MIA,BKN
22500374,Dec 18 2025,TOR,MIL
22500375,Dec 18 2025,HOU,NOP
22500376,Dec 18 2025,DET,DAL
22500377,Dec 18 2025,ORL,DEN
22500378,Dec 18 2025,GSW,PHX
22500379,Dec 18 2025,LAL,UTA
22500380,Dec 18 2025,SAC,POR
22500381,Dec 19 2025,MIA,BOS
22500382,Dec 19 2025,PHI,NYK
22500383,Dec 19 2025,SAS,ATL
22500384,Dec 19 2025,CHI,CLE
22500385,Dec 19 2025,OKC,MIN
22500386,Dec 20 2025,HOU,DEN
22500387,Dec 20 2025,DAL,PHI
22500388,Dec 20 2025,BOS,TOR
22500389,Dec 20 2025,IND,NOP
22500390,Dec 20 2025,CHA,DET
22500391,Dec 20 2025,WAS,MEM
22500392,Dec 20 2025,PHX,GSW
22500393,Dec 20 2025,ORL,UTA
22500394,Dec 20 2025,POR,SAC
22500395,Dec 20 2025,LAL,LAC
22500396,Dec 21 2025,CHI,ATL
22500397,Dec 21 2025,TOR,BKN
22500398,Dec 21 2025,MIA,NYK
22500399,Dec 21 2025,SAS,WAS
22500400,Dec 21 2025,MIL,MIN
22500401,Dec 21 2025,HOU,SAC
22500402,Dec 22 2025,CHA,CLE
22500403,Dec 22 2025,IND,BOS
22500404,Dec 22 2025,DAL,NOP
22500405,Dec 22 2025,UTA,DEN
22500406,Dec 22 2025,MEM,OKC
22500407,Dec 22 2025,ORL,GSW
22500408,Dec 22 2025,DET,POR
22500409,Dec 23 2025,WAS,CHA
22500410,Dec 23 2025,BKN,PHI
22500411,Dec 23 2025,CHI,ATL
22500412,Dec 23 2025,NOP,CLE
22500413,Dec 23 2025,MIL,IND
22500414,Dec 23 2025,TOR,MIA
22500415,Dec 23 2025,DEN,DAL
22500416,Dec 23 2025,NYK,MIN
22500417,Dec 23 2025,OKC,SAS
22500418,Dec 23 2025,LAL,PHX
22500419,Dec 23 2025,MEM,UTA
22500420,Dec 23 2025,ORL,POR
22500421,Dec 23 2025,DET,SAC
22500422,Dec 23 2025,HOU,LAC
22500009,Dec 25 2025,CLE,NYK
22500010,Dec 25 2025,SAS,OKC
22500011,Dec 25 2025,DAL,GSW
22500012,Dec 25 2025,HOU,LAL
22500013,Dec 25 2025,MIN,DEN
22500423,Dec 26 2025,MIA,ATL
22500424,Dec 26 2025,CHA,ORL
22500425,Dec 26 2025,TOR,WAS
22500426,Dec 26 2025,BOS,IND
22500427,Dec 26 2025,PHI,CHI
22500428,Dec 26 2025,MIL,MEM
22500429,Dec 26 2025,PHX,NOP
22500430,Dec 26 2025,DET,UTA
22500431,Dec 26 2025,LAC,POR
22500432,Dec 27 2025,DAL,SAC
22500433,Dec 27 2025,DEN,ORL
22500434,Dec 27 2025,PHX,NOP
22500435,Dec 27 2025,NYK,ATL
22500436,Dec 27 2025,IND,MIA
22500437,Dec 27 2025,MIL,CHI
22500438,Dec 27 2025,CLE,HOU
22500439,Dec 27 2025,BKN,MIN
22500440,Dec 27 2025,UTA,SAS
22500441,Dec 28 2025,GSW,TOR
22500442,Dec 28 2025,PHI,OKC
22500443,Dec 28 2025,MEM,WAS
22500444,Dec 28 2025,BOS,POR
22500445,Dec 28 2025,DET,LAC
22500446,Dec 28 2025,SAC,LAL
22500447,Dec 29 2025,MIL,CHA
22500448,Dec 29 2025,PHX,WAS
22500449,Dec 29 2025,GSW,BKN
22500450,Dec 29 2025,DEN,MIA
22500451,Dec 29 2025,ORL,TOR
22500452,Dec 29 2025,MIN,CHI
22500453,Dec 29 2025,IND,HOU
22500454,Dec 29 2025,NYK,NOP
22500455,Dec 29 2025,ATL,OKC
22500456,Dec 29 2025,CLE,SAS
22500457,Dec 29 2025,DAL,POR
22500458,Dec 30 2025,PHI,MEM
22500459,Dec 30 2025,BOS,UTA
22500460,Dec 30 2025,DET,LAL
22500461,Dec 30 2025,SAC,LAC
22500462,Dec 31 2025,GSW,CHA
22500463,Dec 31 2025,MIN,ATL
22500464,Dec 31 2025,ORL,IND
22500465,Dec 31 2025,PHX,CLE
22500466,Dec 31 2025,NOP,CHI
22500467,Dec 31 2025,NYK,SAS
22500468,Dec 31 2025,DEN,TOR
22500469,Dec 31 2025,WAS,MIL
22500470,Dec 31 2025,POR,OKC
22500471,Jan 1 2026,HOU,BKN
22500472,Jan 1 2026,MIA,DET
22500473,Jan 1 2026,PHI,DAL
22500474,Jan 1 2026,BOS,SAC
22500475,Jan 1 2026,UTA,LAC
22500476,Jan 2 2026,SAS,IND
22500477,Jan 2 2026,BKN,WAS
22500478,Jan 2 2026,DEN,CLE
22500479,Jan 2 2026,ATL,NYK
22500480,Jan 2 2026,ORL,CHI
22500481,Jan 2 2026,CHA,MIL
22500482,Jan 2 2026,POR,NOP
22500483,Jan 2 2026,SAC,PHX
22500484,Jan 2 2026,OKC,GSW
22500485,Jan 2 2026,MEM,LAL
22500486,Jan 3 2026,MIN,MIA
22500487,Jan 3 2026,PHI,NYK
22500488,Jan 3 2026,ATL,TOR
22500489,Jan 3 2026,CHA,CHI
22500490,Jan 3 2026,POR,SAS
22500491,Jan 3 2026,HOU,DAL
22500492,Jan 3 2026,UTA,GSW
22500493,Jan 3 2026,BOS,LAC
22500494,Jan 4 2026,DET,CLE
22500495,Jan 4 2026,IND,ORL
22500496,Jan 4 2026,DEN,BKN
22500497,Jan 4 2026,NOP,MIA
22500498,Jan 4 2026,MIN,WAS
22500499,Jan 4 2026,OKC,PHX
22500500,Jan 4 2026,MIL,SAC
22500501,Jan 4 2026,MEM,LAL
22500502,Jan 5 2026,NYK,DET
22500503,Jan 5 2026,CHI,BOS
22500504,Jan 5 2026,ATL,TOR
22500505,Jan 5 2026,PHX,HOU
22500506,Jan 5 2026,CHA,OKC
22500507,Jan 5 2026,DEN,PHI
22500508,Jan 5 2026,GSW,LAC
22500509,Jan 5 2026,UTA,POR
22500510,Jan 6 2026,CLE,IND
22500511,Jan 6 2026,ORL,WAS
22500512,Jan 6 2026,SAS,MEM
22500513,Jan 6 2026,MIA,MIN
22500514,Jan 6 2026,LAL,NOP
22500515,Jan 6 2026,DAL,SAC
22500516,Jan 7 2026,TOR,CHA
22500517,Jan 7 2026,CHI,DET
22500518,Jan 7 2026,WAS,PHI
22500519,Jan 7 2026,NOP,ATL
22500520,Jan 7 2026,DEN,BOS
22500521,Jan 7 2026,ORL,BKN
22500522,Jan 7 2026,LAC,NYK
22500523,Jan 7 2026,LAL,SAS
22500524,Jan 7 2026,PHX,MEM
22500525,Jan 7 2026,UTA,OKC
22500526,Jan 7 2026,MIL,GSW
22500527,Jan 7 2026,HOU,POR
22500528,Jan 8 2026,IND,CHA
22500530,Jan 8 2026,CLE,MIN
22500531,Jan 8 2026,DAL,UTA
22500532,Jan 9 2026,TOR,BOS
22500533,Jan 9 2026,PHI,ORL
22500534,Jan 9 2026,NOP,WAS
22500535,Jan 9 2026,LAC,BKN
22500536,Jan 9 2026,OKC,MEM
22500537,Jan 9 2026,ATL,DEN
22500538,Jan 9 2026,NYK,PHX
22500539,Jan 9 2026,SAC,GSW
22500540,Jan 9 2026,HOU,POR
22500541,Jan 9 2026,MIL,LAL
22500542,Jan 10 2026,MIN,CLE
22500543,Jan 10 2026,MIA,IND
22500544,Jan 10 2026,LAC,DET
22500545,Jan 10 2026,SAS,BOS
22500546,Jan 10 2026,DAL,CHI
22500547,Jan 10 2026,CHA,UTA
22500548,Jan 11 2026,NOP,ORL
22500549,Jan 11 2026,BKN,MEM
22500550,Jan 11 2026,PHI,TOR
22500551,Jan 11 2026,NYK,POR
22500552,Jan 11 2026,SAS,MIN
22500553,Jan 11 2026,MIA,OKC
22500554,Jan 11 2026,MIL,DEN
22500555,Jan 11 2026,WAS,PHX
22500556,Jan 11 2026,ATL,GSW
22500557,Jan 11 2026,HOU,SAC
22500558,Jan 12 2026,UTA,CLE
22500559,Jan 12 2026,BOS,IND
22500560,Jan 12 2026,PHI,TOR
22500561,Jan 12 2026,BKN,DAL
22500562,Jan 12 2026,LAL,SAC
22500563,Jan 12 2026,CHA,LAC
22500564,Jan 13 2026,PHX,MIA
22500565,Jan 13 2026,CHI,HOU
22500566,Jan 13 2026,MIN,MIL
22500567,Jan 13 2026,DEN,NOP
22500568,Jan 13 2026,SAS,OKC
22500569,Jan 13 2026,ATL,LAL
22500570,Jan 13 2026,POR,GSW
22500571,Jan 14 2026,TOR,IND
22500572,Jan 14 2026,CLE,PHI
22500573,Jan 14 2026,UTA,CHI
22500574,Jan 14 2026,BKN,NOP
22500575,Jan 14 2026,DEN,DAL
22500576,Jan 14 2026,NYK,SAC
22500577,Jan 14 2026,WAS,LAC
22500578,Jan 15 2026,MEM,ORL
22500579,Jan 15 2026,PHX,DET
22500580,Jan 15 2026,BOS,MIA
22500581,Jan 15 2026,OKC,HOU
22500582,Jan 15 2026,MIL,SAS
22500583,Jan 15 2026,UTA,DAL
22500584,Jan 15 2026,NYK,GSW
22500585,Jan 15 2026,ATL,POR
22500586,Jan 15 2026,CHA,LAL
22500587,Jan 16 2026,CHI,BKN
22500588,Jan 16 2026,NOP,IND
22500589,Jan 16 2026,CLE,PHI
22500590,Jan 16 2026,LAC,TOR
22500591,Jan 16 2026,MIN,HOU
22500592,Jan 16 2026,WAS,SAC
22500593,Jan 17 2026,UTA,DAL
22500594,Jan 17 2026,BOS,ATL
22500595,Jan 17 2026,IND,DET
22500596,Jan 17 2026,PHX,NYK
22500597,Jan 17 2026,OKC,MIA
22500598,Jan 17 2026,MIN,SAS
22500599,Jan 17 2026,CHA,GSW
22500600,Jan 17 2026,WAS,DEN
22500601,Jan 17 2026,LAL,POR
22500602,Jan 18 2026,ORL,MEM
22500603,Jan 18 2026,BKN,CHI
22500604,Jan 18 2026,NOP,HOU
22500605,Jan 18 2026,CHA,DEN
22500606,Jan 18 2026,POR,SAC
22500607,Jan 18 2026,TOR,LAL
22500014,Jan 19 2026,MIL,ATL
22500015,Jan 19 2026,OKC,CLE
22500016,Jan 19 2026,DAL,NYK
22500017,Jan 19 2026,BOS,DET
22500608,Jan 19 2026,LAC,WAS
22500609,Jan 19 2026,IND,PHI
22500610,Jan 19 2026,PHX,BKN
22500611,Jan 19 2026,UTA,SAS
22500612,Jan 19 2026,MIA,GSW
22500613,Jan 20 2026,PHX,PHI
22500614,Jan 20 2026,LAC,CHI
22500615,Jan 20 2026,SAS,HOU
22500616,Jan 20 2026,MIN,UTA
22500617,Jan 20 2026,LAL,DEN
22500618,Jan 20 2026,TOR,GSW
22500619,Jan 20 2026,MIA,SAC
22500620,Jan 21 2026,CLE,CHA
22500621,Jan 21 2026,IND,BOS
22500622,Jan 21 2026,BKN,NYK
22500623,Jan 21 2026,ATL,MEM
22500624,Jan 21 2026,DET,NOP
22500625,Jan 21 2026,OKC,MIL
22500626,Jan 21 2026,TOR,SAC
22500627,Jan 22 2026,CHA,ORL
22500628,Jan 22 2026,HOU,PHI
22500629,Jan 22 2026,DEN,WAS
22500630,Jan 22 2026,GSW,DAL
22500631,Jan 22 2026,CHI,MIN
22500632,Jan 22 2026,SAS,UTA
22500633,Jan 22 2026,LAL,LAC
22500634,Jan 22 2026,MIA,POR
22500635,Jan 23 2026,HOU,DET
22500636,Jan 23 2026,PHX,ATL
22500637,Jan 23 2026,BOS,BKN
22500638,Jan 23 2026,SAC,CLE
22500639,Jan 23 2026,NOP,MEM
22500640,Jan 23 2026,DEN,MIL
22500641,Jan 23 2026,IND,OKC
22500642,Jan 23 2026,TOR,POR
22500643,Jan 24 2026,NYK,PHI
22500644,Jan 24 2026,GSW,MIN
22500645,Jan 24 2026,WAS,CHA
22500646,Jan 24 2026,CLE,ORL
22500647,Jan 24 2026,BOS,CHI
22500648,Jan 24 2026,LAL,DAL
22500649,Jan 24 2026,MIA,UTA
22500650,Jan 25 2026,SAC,DET
22500651,Jan 25 2026,DEN,MEM
22500652,Jan 25 2026,DAL,MIL
22500653,Jan 25 2026,TOR,OKC
22500654,Jan 25 2026,NOP,SAS
22500655,Jan 25 2026,MIA,PHX
22500656,Jan 25 2026,BKN,LAC
22500657,Jan 26 2026,PHI,CHA
22500658,Jan 26 2026,ORL,CLE
22500659,Jan 26 2026,IND,ATL
22500660,Jan 26 2026,POR,BOS
22500661,Jan 26 2026,LAL,CHI
22500662,Jan 26 2026,MEM,HOU
22500663,Jan 26 2026,GSW,MIN
22500664,Jan 27 2026,POR,WAS
22500665,Jan 27 2026,SAC,NYK
22500666,Jan 27 2026,MIL,PHI
22500667,Jan 27 2026,NOP,OKC
22500668,Jan 27 2026,DET,DEN
22500669,Jan 27 2026,BKN,PHX
22500670,Jan 27 2026,LAC,UTA
22500671,Jan 28 2026,LAL,CLE
22500672,Jan 28 2026,CHI,IND
22500673,Jan 28 2026,ATL,BOS
22500674,Jan 28 2026,ORL,MIA
22500675,Jan 28 2026,NYK,TOR
22500676,Jan 28 2026,CHA,MEM
22500677,Jan 28 2026,MIN,DAL
22500678,Jan 28 2026,GSW,UTA
22500679,Jan 28 2026,SAS,HOU
22500529,Jan 29 2026,MIA,CHI
22500680,Jan 29 2026,SAC,PHI
22500681,Jan 29 2026,MIL,WAS
22500682,Jan 29 2026,HOU,ATL
22500683,Jan 29 2026,CHA,DAL
22500684,Jan 29 2026,BKN,DEN
22500685,Jan 29 2026,DET,PHX
22500686,Jan 29 2026,OKC,MIN
22500687,Jan 30 2026,TOR,ORL
22500688,Jan 30 2026,LAL,WAS
22500689,Jan 30 2026,SAC,BOS
22500690,Jan 30 2026,POR,NYK
22500691,Jan 30 2026,MEM,NOP
22500693,Jan 30 2026,CLE,PHX
22500694,Jan 30 2026,BKN,UTA
22500695,Jan 30 2026,LAC,DEN
22500696,Jan 30 2026,DET,GSW
22500692,Jan 31 2026,CHI,MIA
22500697,Jan 31 2026,SAS,CHA
22500698,Jan 31 2026,ATL,IND
22500699,Jan 31 2026,NOP,PHI
22500700,Jan 31 2026,MIN,MEM
22500701,Jan 31 2026,DAL,HOU
22500702,Feb 1 2026,MIL,BOS
22500703,Feb 1 2026,ORL,SAS
22500704,Feb 1 2026,BKN,DET
22500705,Feb 1 2026,CHI,MIA
22500706,Feb 1 2026,UTA,TOR
22500707,Feb 1 2026,SAC,WAS
22500708,Feb 1 2026,LAL,NYK
22500709,Feb 1 2026,LAC,PHX
22500710,Feb 1 2026,CLE,POR
22500711,Feb 1 2026,OKC,DEN
22500712,Feb 2 2026,NOP,CHA
22500713,Feb 2 2026,HOU,IND
22500714,Feb 2 2026,MIN,MEM
22500715,Feb 2 2026,PHI,LAC
22500716,Feb 3 2026,DEN,DET
22500717,Feb 3 2026,UTA,IND
22500718,Feb 3 2026,NYK,WAS
22500719,Feb 3 2026,LAL,BKN
22500720,Feb 3 2026,ATL,MIA
22500721,Feb 3 2026,BOS,DAL
22500722,Feb 3 2026,CHI,MIL
22500723,Feb 3 2026,ORL,OKC
22500724,Feb 3 2026,PHI,GSW
22500725,Feb 3 2026,PHX,POR
22500726,Feb 4 2026,DEN,NYK
22500727,Feb 4 2026,MIN,TOR
22500728,Feb 4 2026,BOS,HOU
22500729,Feb 4 2026,NOP,MIL
22500730,Feb 4 2026,OKC,SAS
22500731,Feb 4 2026,MEM,SAC
22500732,Feb 4 2026,CLE,LAC
22500733,Feb 5 2026,WAS,DET
22500734,Feb 5 2026,BKN,ORL
22500735,Feb 5 2026,UTA,ATL
22500736,Feb 5 2026,CHI,TOR
22500737,Feb 5 2026,CHA,HOU
22500738,Feb 5 2026,SAS,DAL
22500739,Feb 5 2026,GSW,PHX
22500740,Feb 5 2026,PHI,LAL
22500741,Feb 6 2026,MIA,BOS
22500742,Feb 6 2026,NYK,DET
22500743,Feb 6 2026,IND,MIL
22500744,Feb 6 2026,NOP,MIN
22500745,Feb 6 2026,MEM,POR
22500746,Feb 6 2026,LAC,SAC
22500747,Feb 7 2026,WAS,BKN
22500748,Feb 7 2026,HOU,OKC
22500749,Feb 7 2026,DAL,SAS
22500750,Feb 7 2026,UTA,ORL
22500751,Feb 7 2026,CHA,ATL
22500752,Feb 7 2026,DEN,CHI
22500753,Feb 7 2026,GSW,LAL
22500754,Feb 7 2026,PHI,PHX
22500755,Feb 7 2026,MEM,POR
22500756,Feb 7 2026,CLE,SAC
22500757,Feb 8 2026,NYK,BOS
22500758,Feb 8 2026,MIA,WAS
22500759,Feb 8 2026,IND,TOR
22500760,Feb 8 2026,LAC,MIN
22500761,Feb 9 2026,DET,CHA
22500762,Feb 9 2026,CHI,BKN
22500763,Feb 9 2026,UTA,MIA
22500764,Feb 9 2026,MIL,ORL
22500765,Feb 9 2026,ATL,MIN
22500766,Feb 9 2026,SAC,NOP
22500767,Feb 9 2026,CLE,DEN
22500768,Feb 9 2026,MEM,GSW
22500769,Feb 9 2026,OKC,LAL
22500770,Feb 9 2026,PHI,POR
22500771,Feb 10 2026,IND,NYK
22500772,Feb 10 2026,LAC,HOU
22500773,Feb 10 2026,DAL,PHX
22500774,Feb 10 2026,SAS,LAL
22500775,Feb 11 2026,ATL,CHA
22500776,Feb 11 2026,WAS,CLE
22500777,Feb 11 2026,MIL,ORL
22500778,Feb 11 2026,CHI,BOS
22500779,Feb 11 2026,IND,BKN
22500780,Feb 11 2026,NYK,PHI
22500781,Feb 11 2026,DET,TOR
22500782,Feb 11 2026,LAC,HOU
22500783,Feb 11 2026,POR,MIN
22500784,Feb 11 2026,MIA,NOP
22500785,Feb 11 2026,OKC,PHX
22500786,Feb 11 2026,SAC,UTA
22500787,Feb 11 2026,MEM,DEN
22500788,Feb 11 2026,SAS,GSW
22500789,Feb 12 2026,MIL,OKC
22500790,Feb 12 2026,POR,UTA
22500791,Feb 12 2026,DAL,LAL
22500792,Feb 19 2026,HOU,CHA
22500793,Feb 19 2026,BKN,CLE
22500794,Feb 19 2026,ATL,PHI
22500795,Feb 19 2026,IND,WAS
22500796,Feb 19 2026,DET,NYK
22500797,Feb 19 2026,TOR,CHI
22500798,Feb 19 2026,PHX,SAS
22500799,Feb 19 2026,BOS,GSW
22500800,Feb 19 2026,ORL,SAC
22500801,Feb 19 2026,DEN,LAC
22500802,Feb 20 2026,CLE,CHA
22500803,Feb 20 2026,IND,WAS
22500804,Feb 20 2026,UTA,MEM
22500805,Feb 20 2026,MIA,ATL
22500806,Feb 20 2026,DAL,MIN
22500807,Feb 20 2026,MIL,NOP
22500808,Feb 20 2026,BKN,OKC
22500809,Feb 20 2026,LAC,LAL
22500810,Feb 20 2026,DEN,POR
22500811,Feb 21 2026,ORL,PHX
22500812,Feb 21 2026,PHI,NOP
22500813,Feb 21 2026,MEM,MIA
22500814,Feb 21 2026,DET,CHI
22500815,Feb 21 2026,SAC,SAS
22500816,Feb 21 2026,HOU,NYK
22500817,Feb 22 2026,CLE,OKC
22500818,Feb 22 2026,BKN,ATL
22500819,Feb 22 2026,TOR,MIL
22500820,Feb 22 2026,DEN,GSW
22500821,Feb 22 2026,DAL,IND
22500822,Feb 22 2026,CHA,WAS
22500823,Feb 22 2026,BOS,LAL
22500824,Feb 22 2026,PHI,MIN
22500825,Feb 22 2026,NYK,CHI
22500826,Feb 22 2026,POR,PHX
22500827,Feb 22 2026,ORL,LAC
22500828,Feb 23 2026,SAS,DET
22500829,Feb 23 2026,SAC,MEM
22500830,Feb 23 2026,UTA,HOU
22500831,Feb 24 2026,PHI,IND
22500832,Feb 24 2026,WAS,ATL
22500833,Feb 24 2026,DAL,BKN
22500834,Feb 24 2026,OKC,TOR
22500835,Feb 24 2026,NYK,CLE
22500836,Feb 24 2026,CHA,CHI
22500837,Feb 24 2026,MIA,MIL
22500838,Feb 24 2026,GSW,NOP
22500839,Feb 24 2026,BOS,PHX
22500840,Feb 24 2026,ORL,LAL
22500841,Feb 24 2026,MIN,POR
22500842,Feb 25 2026,OKC,DET
22500843,Feb 25 2026,SAS,TOR
22500844,Feb 25 2026,GSW,MEM
22500845,Feb 25 2026,SAC,HOU
22500846,Feb 25 2026,CLE,MIL
22500847,Feb 25 2026,BOS,DEN
22500848,Feb 26 2026,CHA,IND
22500849,Feb 26 2026,MIA,PHI
22500850,Feb 26 2026,WAS,ATL
22500851,Feb 26 2026,SAS,BKN
22500852,Feb 26 2026,HOU,ORL
22500853,Feb 26 2026,POR,CHI
22500854,Feb 26 2026,SAC,DAL
22500855,Feb 26 2026,LAL,PHX
22500856,Feb 26 2026,NOP,UTA
22500857,Feb 26 2026,MIN,LAC
22500858,Feb 27 2026,CLE,DET
22500859,Feb 27 2026,BKN,BOS
22500860,Feb 27 2026,NYK,MIL
22500861,Feb 27 2026,MEM,DAL
22500862,Feb 27 2026,DEN,OKC
22500863,Feb 28 2026,POR,CHA
22500864,Feb 28 2026,HOU,MIA
22500865,Feb 28 2026,TOR,WAS
22500866,Feb 28 2026,LAL,GSW
22500867,Feb 28 2026,NOP,UTA
22500868,Mar 1 2026,SAS,NYK
22500869,Mar 1 2026,CLE,BKN
22500870,Mar 1 2026,MIL,CHI
22500871,Mar 1 2026,MIN,DEN
22500872,Mar 1 2026,MEM,IND
22500873,Mar 1 2026,POR,ATL
22500874,Mar 1 2026,PHI,BOS
22500875,Mar 1 2026,DET,ORL
22500876,Mar 1 2026,OKC,DAL
22500877,Mar 1 2026,NOP,LAC
22500878,Mar 1 2026,SAC,LAL
22500879,Mar 2 2026,HOU,WAS
22500880,Mar 2 2026,BOS,MIL
22500881,Mar 2 2026,DEN,UTA
22500882,Mar 2 2026,LAC,GSW
22500883,Mar 3 2026,DAL,CHA
22500884,Mar 3 2026,DET,CLE
22500885,Mar 3 2026,WAS,ORL
22500886,Mar 3 2026,BKN,MIA
22500887,Mar 3 2026,NYK,TOR
22500888,Mar 3 2026,SAS,PHI
22500889,Mar 3 2026,OKC,CHI
22500890,Mar 3 2026,MEM,MIN
22500891,Mar 3 2026,NOP,LAL
22500892,Mar 3 2026,PHX,SAC
22500893,Mar 4 2026,OKC,NYK
22500894,Mar 4 2026,CHA,BOS
22500895,Mar 4 2026,UTA,PHI
22500896,Mar 4 2026,POR,MEM
22500897,Mar 4 2026,ATL,MIL
22500898,Mar 4 2026,IND,LAC
22500899,Mar 5 2026,DAL,ORL
22500900,Mar 5 2026,UTA,WAS
22500901,Mar 5 2026,BKN,MIA
22500902,Mar 5 2026,GSW,HOU
22500903,Mar 5 2026,TOR,MIN
22500904,Mar 5 2026,DET,SAS
22500905,Mar 5 2026,CHI,PHX
22500906,Mar 5 2026,LAL,DEN
22500907,Mar 5 2026,NOP,SAC
22500908,Mar 6 2026,DAL,BOS
22500909,Mar 6 2026,MIA,CHA
22500910,Mar 6 2026,POR,HOU
22500911,Mar 6 2026,NYK,DEN
22500912,Mar 6 2026,NOP,PHX
22500913,Mar 6 2026,LAC,SAS
22500914,Mar 6 2026,IND,LAL
22500915,Mar 7 2026,ORL,MIN
22500916,Mar 7 2026,BKN,DET
22500917,Mar 7 2026,PHI,ATL
22500918,Mar 7 2026,LAC,MEM
22500919,Mar 7 2026,UTA,MIL
22500920,Mar 7 2026,GSW,OKC
22500921,Mar 8 2026,BOS,CLE
22500922,Mar 8 2026,NYK,LAL
22500923,Mar 8 2026,DET,MIA
22500924,Mar 8 2026,DAL,TOR
22500925,Mar 8 2026,WAS,NOP
22500926,Mar 8 2026,ORL,MIL
22500927,Mar 8 2026,HOU,SAS
22500928,Mar 8 2026,CHA,PHX
22500929,Mar 8 2026,IND,POR
22500930,Mar 8 2026,CHI,SAC
22500931,Mar 9 2026,PHI,CLE
22500932,Mar 9 2026,MEM,BKN
22500933,Mar 9 2026,DEN,OKC
22500934,Mar 9 2026,GSW,UTA
22500935,Mar 9 2026,NYK,LAC
22500936,Mar 10 2026,MEM,PHI
22500937,Mar 10 2026,DET,BKN
22500938,Mar 10 2026,WAS,MIA
22500939,Mar 10 2026,DAL,ATL
22500940,Mar 10 2026,TOR,HOU
22500941,Mar 10 2026,PHX,MIL
22500942,Mar 10 2026,BOS,SAS
22500943,Mar 10 2026,CHI,GSW
22500944,Mar 10 2026,CHA,POR
22500945,Mar 10 2026,IND,SAC
22500946,Mar 10 2026,MIN,LAL
22500947,Mar 11 2026,CLE,ORL
22500948,Mar 11 2026,TOR,NOP
22500949,Mar 11 2026,NYK,UTA
22500950,Mar 11 2026,HOU,DEN
22500951,Mar 11 2026,CHA,SAC
22500952,Mar 11 2026,MIN,LAC
22500953,Mar 12 2026,PHI,DET
22500954,Mar 12 2026,PHX,IND
22500955,Mar 12 2026,WAS,ORL
22500956,Mar 12 2026,BKN,ATL
22500957,Mar 12 2026,MIL,MIA
22500958,Mar 12 2026,DEN,SAS
22500959,Mar 12 2026,BOS,OKC
22500960,Mar 12 2026,CHI,LAL
22500961,Mar 13 2026,MEM,DET
22500962,Mar 13 2026,NYK,IND
22500963,Mar 13 2026,PHX,TOR
22500964,Mar 13 2026,NOP,HOU
22500965,Mar 13 2026,CLE,DAL
22500966,Mar 13 2026,MIN,GSW
22500967,Mar 13 2026,UTA,POR
22500968,Mar 13 2026,CHI,LAC
22500969,Mar 14 2026,BKN,PHI
22500970,Mar 14 2026,MIL,ATL
22500971,Mar 14 2026,WAS,BOS
22500972,Mar 14 2026,ORL,MIA
22500973,Mar 14 2026,CHA,SAS
22500974,Mar 14 2026,DEN,LAL
22500975,Mar 14 2026,SAC,LAC
22500976,Mar 15 2026,MIN,OKC
22500977,Mar 15 2026,DAL,CLE
22500978,Mar 15 2026,DET,TOR
22500979,Mar 15 2026,IND,MIL
22500980,Mar 15 2026,POR,PHI
22500981,Mar 15 2026,GSW,NYK
22500982,Mar 15 2026,UTA,SAC
22500983,Mar 16 2026,ORL,ATL
22500984,Mar 16 2026,GSW,WAS
22500985,Mar 16 2026,POR,BKN
22500986,Mar 16 2026,PHX,BOS
22500987,Mar 16 2026,MEM,CHI
22500988,Mar 16 2026,DAL,NOP
22500989,Mar 16 2026,LAL,HOU
22500990,Mar 16 2026,SAS,LAC
22500991,Mar 17 2026,MIA,CHA
22500992,Mar 17 2026,OKC,ORL
22500993,Mar 17 2026,DET,WAS
22500994,Mar 17 2026,IND,NYK
22500995,Mar 17 2026,CLE,MIL
22500996,Mar 17 2026,PHX,MIN
22500997,Mar 17 2026,PHI,DEN
22500998,Mar 17 2026,SAS,SAC
22500999,Mar 18 2026,GSW,BOS
22501000,Mar 18 2026,OKC,BKN
22501001,Mar 18 2026,POR,IND
22501002,Mar 18 2026,TOR,CHI
22501003,Mar 18 2026,NYK,MEM
22501004,Mar 18 2026,UTA,MIN
22501005,Mar 18 2026,LAC,NOP
22501006,Mar 18 2026,ATL,DAL
22501007,Mar 18 2026,LAL,HOU
22501008,Mar 19 2026,ORL,CHA
22501009,Mar 19 2026,DET,WAS
22501010,Mar 19 2026,LAL,MIA
22501011,Mar 19 2026,CLE,CHI
22501012,Mar 19 2026,LAC,NOP
22501013,Mar 19 2026,PHX,SAS
22501014,Mar 19 2026,MIL,UTA
22501015,Mar 19 2026,PHI,SAC
22501016,Mar 20 2026,NYK,BKN
22501017,Mar 20 2026,GSW,DET
22501018,Mar 20 2026,ATL,HOU
22501019,Mar 20 2026,BOS,MEM
22501020,Mar 20 2026,POR,MIN
22501021,Mar 20 2026,TOR,DEN
22501022,Mar 21 2026,OKC,WAS
22501023,Mar 21 2026,MEM,CHA
22501024,Mar 21 2026,LAL,ORL
22501025,Mar 21 2026,CLE,NOP
22501026,Mar 21 2026,GSW,ATL
22501027,Mar 21 2026,MIA,HOU
22501028,Mar 21 2026,IND,SAS
22501029,Mar 21 2026,LAC,DAL
22501030,Mar 21 2026,PHI,UTA
22501031,Mar 21 2026,MIL,PHX
22501032,Mar 22 2026,POR,DEN
22501033,Mar 22 2026,BKN,SAC
22501034,Mar 22 2026,WAS,NYK
22501035,Mar 22 2026,MIN,BOS
22501036,Mar 22 2026,TOR,PHX
22501037,Mar 23 2026,MEM,ATL
22501038,Mar 23 2026,LAL,DET
22501039,Mar 23 2026,IND,ORL
22501040,Mar 23 2026,OKC,PHI
22501041,Mar 23 2026,SAS,MIA
22501042,Mar 23 2026,HOU,CHI
22501043,Mar 23 2026,TOR,UTA
22501044,Mar 23 2026,GSW,DAL
22501045,Mar 23 2026,BKN,POR
22501046,Mar 23 2026,MIL,LAC
22501047,Mar 24 2026,SAC,CHA
22501048,Mar 24 2026,NOP,NYK
22501049,Mar 24 2026,ORL,CLE
22501050,Mar 24 2026,DEN,PHX
22501051,Mar 25 2026,ATL,DET
22501052,Mar 25 2026,LAL,IND
22501053,Mar 25 2026,CHI,PHI
22501054,Mar 25 2026,OKC,BOS
22501055,Mar 25 2026,MIA,CLE
22501056,Mar 25 2026,SAS,MEM
22501057,Mar 25 2026,WAS,UTA
22501058,Mar 25 2026,HOU,MIN
22501059,Mar 25 2026,DAL,DEN
22501060,Mar 25 2026,BKN,GSW
22501061,Mar 25 2026,MIL,POR
22501062,Mar 25 2026,TOR,LAC
22501063,Mar 26 2026,NYK,CHA
22501064,Mar 26 2026,NOP,DET
22501065,Mar 26 2026,SAC,ORL
22501066,Mar 27 2026,LAC,IND
22501067,Mar 27 2026,ATL,BOS
22501068,Mar 27 2026,MIA,CLE
22501069,Mar 27 2026,HOU,MEM
22501070,Mar 27 2026,CHI,OKC
22501071,Mar 27 2026,NOP,TOR
22501072,Mar 27 2026,UTA,DEN
22501073,Mar 27 2026,WAS,GSW
22501074,Mar 27 2026,DAL,POR
22501075,Mar 27 2026,BKN,LAL
22501076,Mar 28 2026,SAS,MIL
22501077,Mar 28 2026,PHI,CHA
22501078,Mar 28 2026,SAC,ATL
22501079,Mar 28 2026,CHI,MEM
22501080,Mar 28 2026,DET,MIN
22501081,Mar 28 2026,UTA,PHX
22501082,Mar 29 2026,LAC,MIL
22501083,Mar 29 2026,MIA,IND
22501084,Mar 29 2026,SAC,BKN
22501085,Mar 29 2026,BOS,CHA
22501086,Mar 29 2026,ORL,TOR
22501087,Mar 29 2026,WAS,POR
22501088,Mar 29 2026,HOU,NOP
22501089,Mar 29 2026,NYK,OKC
22501090,Mar 29 2026,GSW,DEN
22501091,Mar 30 2026,PHI,MIA
22501092,Mar 30 2026,BOS,ATL
22501093,Mar 30 2026,PHX,MEM
22501094,Mar 30 2026,CHI,SAS
22501095,Mar 30 2026,MIN,DAL
22501096,Mar 30 2026,CLE,UTA
22501097,Mar 30 2026,DET,OKC
22501098,Mar 30 2026,WAS,LAL
22501099,Mar 31 2026,PHX,ORL
22501100,Mar 31 2026,CHA,BKN
22501101,Mar 31 2026,TOR,DET
22501102,Mar 31 2026,NYK,HOU
22501103,Mar 31 2026,CLE,LAL
22501104,Mar 31 2026,POR,LAC
22501105,Apr 1 2026,PHI,WAS
22501106,Apr 1 2026,BOS,MIA
22501107,Apr 1 2026,ATL,ORL
22501108,Apr 1 2026,SAC,TOR
22501109,Apr 1 2026,IND,CHI
22501110,Apr 1 2026,MIL,HOU
22501111,Apr 1 2026,DAL,MEM
22501112,Apr 1 2026,DEN,UTA
22501113,Apr 1 2026,SAS,GSW
22501114,Apr 2 2026,PHX,CHA
22501115,Apr 2 2026,MIN,DET
22501116,Apr 2 2026,LAL,OKC
22501117,Apr 2 2026,CLE,GSW
22501118,Apr 2 2026,NOP,POR
22501119,Apr 2 2026,SAS,LAC
22501120,Apr 3 2026,IND,CHA
22501121,Apr 3 2026,MIN,PHI
22501122,Apr 3 2026,ATL,BKN
22501123,Apr 3 2026,CHI,NYK
22501124,Apr 3 2026,UTA,HOU
22501125,Apr 3 2026,TOR,MEM
22501126,Apr 3 2026,BOS,MIL
22501127,Apr 3 2026,ORL,DAL
22501128,Apr 3 2026,NOP,SAC
22501129,Apr 4 2026,WAS,MIA
22501130,Apr 4 2026,SAS,DEN
22501131,Apr 4 2026,DET,PHI
22501132,Apr 5 2026,TOR,BOS
22501133,Apr 5 2026,WAS,BKN
22501134,Apr 5 2026,PHX,CHI
22501135,Apr 5 2026,MEM,MIL
22501136,Apr 5 2026,IND,CLE
22501137,Apr 5 2026,CHA,MIN
22501138,Apr 5 2026,ORL,NOP
22501139,Apr 5 2026,UTA,OKC
22501140,Apr 5 2026,LAL,DAL
22501141,Apr 5 2026,LAC,SAC
22501142,Apr 5 2026,HOU,GSW
22501143,Apr 6 2026,NYK,ATL
22501144,Apr 6 2026,DET,ORL
22501145,Apr 6 2026,CLE,MEM
22501146,Apr 6 2026,PHI,SAS
22501147,Apr 6 2026,POR,DEN
22501148,Apr 7 2026,CHI,WAS
22501149,Apr 7 2026,CHA,BOS
22501150,Apr 7 2026,MIL,BKN
22501151,Apr 7 2026,MIA,TOR
22501152,Apr 7 2026,MIN,IND
22501153,Apr 7 2026,UTA,NOP
22501154,Apr 7 2026,SAC,GSW
22501155,Apr 7 2026,OKC,LAL
22501156,Apr 7 2026,DAL,LAC
22501157,Apr 7 2026,HOU,PHX
22501158,Apr 8 2026,ATL,CLE
22501159,Apr 8 2026,MIN,ORL
22501160,Apr 8 2026,MIL,DET
22501161,Apr 8 2026,POR,SAS
22501162,Apr 8 2026,MEM,DEN
22501163,Apr 8 2026,OKC,LAC
22501164,Apr 8 2026,DAL,PHX
22501165,Apr 9 2026,MIA,TOR
22501166,Apr 9 2026,CHI,WAS
22501167,Apr 9 2026,IND,BKN
22501168,Apr 9 2026,BOS,NYK
22501169,Apr 9 2026,PHI,HOU
22501170,Apr 9 2026,LAL,GSW
22501171,Apr 10 2026,DET,CHA
22501172,Apr 10 2026,MIA,WAS
22501173,Apr 10 2026,CLE,ATL
22501174,Apr 10 2026,NOP,BOS
22501175,Apr 10 2026,PHI,IND
22501176,Apr 10 2026,TOR,NYK
22501177,Apr 10 2026,ORL,CHI
22501178,Apr 10 2026,MIN,HOU
22501179,Apr 10 2026,BKN,MIL
22501180,Apr 10 2026,DAL,SAS
22501181,Apr 10 2026,MEM,UTA
22501182,Apr 10 2026,OKC,DEN
22501183,Apr 10 2026,LAC,POR
22501184,Apr 10 2026,GSW,SAC
22501185,Apr 10 2026,PHX,LAL
22501186,Apr 12 2026,ORL,BOS
22501187,Apr 12 2026,WAS,CLE
22501188,Apr 12 2026,DET,IND
22501189,Apr 12 2026,ATL,MIA
22501190,Apr 12 2026,CHA,NYK
22501191,Apr 12 2026,MIL,PHI
22501192,Apr 12 2026,BKN,TOR
22501193,Apr 12 2026,CHI,DAL
22501194,Apr 12 2026,MEM,HOU
22501195,Apr 12 2026,NOP,MIN
22501196,Apr 12 2026,PHX,OKC
22501197,Apr 12 2026,DEN,SAS
22501198,Apr 12 2026,UTA,LAL
22501199,Apr 12 2026,GSW,LAC
22501200,Apr 12 2026,SAC,POR
